HEADINGS,HX,CONTEXT,VECTOR,KEYWORDS,N-GRAMS,WORD_TARGET,COMMENTS
"HubSpot Research Intent: How to Identify Early-Stage Buyers Before Competitors",h1,"Open by establishing the competitive advantage of early buyer identification. Include STAT_01 (70% B2B journey before sales, Forrester) to emphasize the problem. Define research intent as the information-gathering phase 3-6 months before purchase. Explain the three detection mechanisms: first-party behavioral tracking, third-party intent data via Breeze Intelligence, and integration capabilities. Address the misconception that research intent equals purchase readiness. Focus on practical implementation for B2B RevOps teams. Set expectations for scoring, automation, and ROI measurement. NOTE: Do not repeat basic intent definitions from /blog/buyer-intent-basics - assume reader knows fundamentals.","Establish research intent as a critical early-warning system for RevOps teams, positioning it as the foundation for proactive pipeline generation before competitors engage.","HubSpot research intent - 180
buyer intent tracking - 120
early-stage buyers - 90","HubSpot research intent | early-stage buyer identification | B2B pipeline | intent tracking | buyer journey signals","200-250","Use STAT_01 in opening. Meta description focus. Link to HubSpot pricing docs for credit info. Featured snippet: answer 'What is research intent in HubSpot?'"
"Why Research Intent Matters More Than Commercial Intent",h2,"Explain the buyer journey stages and why research stage is most valuable. Research intent (3-6 months before purchase) vs commercial intent (1-3 months) vs decision intent (<30 days). Include STAT_02 (2.3x more likely to convert, Aberdeen) to support early engagement value. Detail why catching buyers at research stage provides: influence on requirements, relationship building before competition, higher win rates. Address that not all industries have equal intent data - works best for technology, software, B2B services. NOTE: Basic buyer journey stages covered in /blog/b2b-buyer-journey - focus here on WHY research stage matters, not WHAT it is.","Clarify the strategic value of research intent versus later stages, establishing why early detection is worth the investment.","","research intent timing | buyer journey stages | early engagement advantage | pre-competitive positioning","150-200","Use STAT_02. Consider timeline visual. Do not repeat buyer journey basics."
"Research Intent vs Other Intent Signals: A Clear Framework",h3,"Create explicit boundaries between intent types. Research intent indicators: educational content downloads, blog consumption patterns, webinar attendance, resource page visits. Commercial intent indicators: pricing page visits, comparison guide downloads, demo requests. Decision intent: sales contact, proposal requests, trial signups. Use specific examples with scoring implications. Include timeline mapping. Note that some buyers skip stages or move backwards - scoring must account for this.","Prevent confusion between intent stages by establishing clear boundaries, ensuring proper lead handling based on intent type.","","intent type comparison | research vs commercial | signal classification | intent scoring framework","150-200","Consider comparison table. Link to lead scoring guide but don't repeat scoring basics."
"How HubSpot Detects Research Intent Signals",h2,"Explain HubSpot's dual-approach to research intent: native behavioral tracking (first-party) and Breeze Intelligence integration (third-party). Detail first-party tracking: content downloads scored +10-15, blog visits 3+ in session +10, time on educational pages >2 min +5, webinar attendance +20, return visits to resources +8. Explain tracking code requirements and cookie consent. Detail Breeze Intelligence: company-level research signals, topic clusters, surge alerts, credit costs. Include STAT_03 (67% buyers consume 3+ content pieces, DemandGen) to support content-based tracking importance. Address that combining both provides comprehensive view.","Demonstrate the technical mechanisms of intent tracking, moving from concept to actual HubSpot capabilities and configuration.","","behavioral tracking | first-party signals | Breeze Intelligence | third-party intent | HubSpot tracking code","250-300","Use STAT_03. Include navigation paths. Screenshot placeholder: tracking dashboard."
"Configuring Behavioral Tracking Thresholds",h3,"Step-by-step configuration: Navigate to Settings > Properties > Create property > Score type. Name property 'Research Intent Score'. Add positive criteria: form submissions for educational content +15, blog page views (set condition 3+ in 7 days) +10, webinar registration +20, video watch >50% +8. Add negative criteria: careers page -10, investor relations -15, quick bounce -5. Set 100 point limit (Professional) or custom (Enterprise). Configure 90-day time window with decay: 100% for <30 days, 75% for 31-60, 50% for 61-90. Test with known contacts. Note: scoring doesn't apply retroactively to historical data.","Provides granular configuration details ensuring readers can implement immediately without guesswork.","","score property setup | threshold configuration | point values | time decay settings","200-250","Screenshot placeholder: property creation. Include specific values. Warning about retroactive scoring."
"Integrating Breeze Intelligence for Third-Party Signals",h2,"Explain Breeze Intelligence as the third-party data layer. Setup: navigate to Settings > Integrations > Breeze Intelligence > Enable. Configure topic tracking: select relevant topics (RevOps, CRM, Sales Automation), set surge thresholds. Explain credit structure: 10 credits per company enrichment, monthly limits by tier. Detail signal types: company research activity, topic surge alerts, competitive research indicators. Explain how to combine with first-party: if behavioral score >30 AND Breeze surge detected, priority = high. Address accuracy limitations for smaller companies. Note alternative providers (Bombora, 6sense) require separate subscriptions starting $2,000/month.","Show how to enhance first-party data with external intent signals for comprehensive account intelligence.","","Breeze Intelligence setup | third-party intent | topic surge alerts | credit management | data provider comparison","200-250","Include cost comparison. Screenshot: Breeze configuration. Link to pricing docs."
"Building Automated Workflows for Research-Stage Leads",h2,"Design three essential workflows. Workflow 1 (Score-Based): trigger at Research Intent Score >30, enroll in 'Early Stage Nurture' list, assign to BDR for soft touch, send educational content sequence. Workflow 2 (Behavioral): trigger on 2+ downloads in 7 days, send personalized follow-up, notify rep, add to accelerated nurture. Workflow 3 (Threshold Alert): at score 50 create task, at 75 schedule sales outreach. Configure: re-enrollment on, suppression for customers/competitors, branching by content type consumed. Include STAT_04 (intent campaigns 4x pipeline, 6sense) to justify automation investment. Explain optimization: if nurture <20% open rate, reduce frequency. NOTE: Basic workflow creation in /blog/hubspot-workflows - focus on intent-specific logic.","Transform scoring data into actionable automation that nurtures research-stage leads appropriately without premature sales pressure.","","workflow automation | nurture sequences | score-based triggers | lead routing logic | engagement optimization","250-350","Use STAT_04. Include workflow diagram placeholder. Don't repeat basic workflow setup."
"Measuring Research Intent ROI",h2,"Define KPIs and tracking approach. Key metrics: Research-to-MQL conversion (target 15-25%), time research-to-opportunity (benchmark 60-90 days), influenced pipeline value, sales acceptance rate, nurture engagement rate. Build dashboard: Reports > Dashboards > Create. Add: contacts by score distribution, score changes over time, conversion funnel, influenced revenue. Calculate ROI formula: (Influenced Pipeline × Win Rate × Margin) / (Tool Cost + Time). Example: 100 research leads → 25 MQLs → 10 opportunities → 3 customers at $50K = $150K. Address attribution challenges - influence vs direct causation. Set quarterly optimization reviews.","Demonstrate measurable business impact and provide framework for continuous optimization.","","ROI calculation | KPI tracking | conversion metrics | attribution modeling | dashboard setup","200-250","Include ROI formula. Dashboard template reference. Quarterly review cadence."
"Common Implementation Mistakes and How to Avoid Them",h2,"Address seven critical errors. 1) Conflating research with purchase intent - solution: separate scoring models, different nurture paths. 2) Over-scoring single actions - solution: require multiple signals over time. 3) Ignoring time decay - solution: implement 90-day decay. 4) Poor sales-marketing alignment on definitions - solution: jointly define thresholds and handoff. 5) No negative scoring - solution: subtract for disqualifying behaviors. 6) Set-and-forget approach - solution: monthly conversion review. 7) Overwhelming research leads with sales outreach - solution: educational nurture first. Include diagnostic checklist for troubleshooting poor performance.","Help readers avoid common pitfalls that reduce research intent tracking effectiveness.","","implementation mistakes | scoring pitfalls | alignment issues | optimization checklist | troubleshooting guide","200-250","Use numbered problem-solution format. Include checklist at end."
